0.0,0.0,0.0,0.0,0.0,0.0,0.0,0.0,0.0,0.0,0.0,0.0,0.0,0.0,0.0,0.0,0.0,0.0,0.0,0.0,0.0,0.0,0.0,0.0,0.0,0.0,0.0,0.0,0.0,0.0,0.0,0.0,0.0,0.0,0.0,0.0,0.0,0.0,0.0,0.0,0.0,0.0,0.0,0.0,0.0,0.0,0.0,0.0,0.0,0.0,0.0,0.0,0.0,0.0,0.0,0.0,0.0,0.0,0.0,0.0,0.0,0.0,0.0,0.0,0.0,0.0,0.0,0.0,0.0,0.0,0.0,0.0,0.0,0.0,0.0,0.0,0.0,0.0,0.0,0.0,0.0,0.0,0.0,0.0,0.0,0.0,0.0,0.0,0.0,0.0,0.0,0.0,0.0,0.0,0.0,0.0,0.0,0.0,0.0,0.0,0.0,0.0,0.0,0.0,0.0,0.0,0.0,0.0,0.0,0.0,0.0,0.0,0.0,0.0,0.0,0.0,0.0,0.0,0.0,0.0,0.0,0.0,0.0,0.0,0.0,0.0,0.0,0.0,0.0,0.0,0.0,0.0,0.0,0.0,0.0,0.0,0.0,0.0,0.0,0.0,0.0,0.0,0.0,0.0
1.2811709599301353e-14,-0.046120624989271164,-0.07440142333507538,-0.10367587208747864,-0.07704925537109375,-0.050165481865406036,0.009418736211955547,0.02218768745660782,0.05308668687939644,0.0345148928463459,0.029099605977535248,-1.1913080487098004e-14,2.292470616008062e-14,-0.036503616720438004,-0.08483515679836273,-0.09285937994718552,-0.09371016174554825,-0.03771071135997772,-0.0033289336133748293,0.042306188493967056,0.030791135504841805,0.05151399224996567,0.029024306684732437,-2.4329041046849097e-14,2.5564189572733e-14,-0.04345552995800972,-0.06288113445043564,-0.11459274590015411,-0.07531889528036118,-0.03476531058549881,-0.007863791659474373,-0.004104628227651119,0.07050624489784241,0.06035324186086655,0.03132220730185509,-2.6774625065347814e-14,2.1544286401544918e-14,-0.04892972484230995,-0.08815419673919678,-0.09277907758951187,-0.04456031322479248,-0.04337035492062569,-0.038414884358644485,-0.06751885265111923,0.024858983233571053,0.06793831288814545,0.034678250551223755,-2.264632031163602e-14,1.8078205558523693e-14,-0.06546036899089813,-0.1681567132472992,0.08486831933259964,-0.01988464593887329,0.023840833455324173,-0.024008886888623238,0.003134147496894002,-0.055228713899850845,0.1542285531759262,0.05872613936662674,-1.6086414359318783e-14,1.618558667084921e-14,-0.07400520890951157,-0.16695073246955872,0.09343535453081131,0.13444848358631134,0.16357433795928955,0.14902286231517792,0.0,0.0,0.15825435519218445,0.0793112963438034,-6.0362858544341525e-15,1.1244551263148075e-14,-0.06100095435976982,-0.12682250142097473,-0.11426685005426407,0.09132963418960571,-0.06522375345230103,-0.05216870456933975,0.15711820125579834,0.1603514701128006,0.15963667631149292,0.08442667871713638,3.716049159601916e-15,1.1972543047028203e-14,-0.0637248307466507,-0.12633481621742249,-0.1672823131084442,-0.15316182374954224,-0.14082451164722443,-0.1660996824502945,0.1941412389278412,0.19737450778484344,0.16474159061908722,0.09646573662757874,-2.864819587610444e-15,1.1309007929335285e-14,-0.05387893691658974,-0.0946429893374443,-0.09898948669433594,-0.1747240573167801,-0.2051253318786621,-0.1881578117609024,-0.18964600563049316,0.14041635394096375,0.14627650380134583,0.059446439146995544,-1.2817910727508201e-14,1.4961349623391837e-14,-0.03809942677617073,-0.062128495424985886,-0.08279868960380554,-0.10690541565418243,-0.07599209249019623,-0.04923985153436661,-0.05862542614340782,0.005217829253524542,0.060616955161094666,0.024593127891421318,-2.5749225614126597e-14,1.8978894654854764e-14,-0.02829170413315296,-0.05418745055794716,-0.07964704930782318,-0.09469325095415115,-0.08977063000202179,-0.03869271278381348,0.0036233386490494013,0.02892685867846012,0.0393768772482872,0.02459917776286602,-3.401830683466556e-14,1.0366477946508693e-14,-0.026346858590841293,-0.053746409714221954,-0.07907142490148544,-0.0948636457324028,-0.07362513989210129,-0.03944205492734909,0.00823957659304142,0.03664156794548035,0.037947166711091995,0.02488175965845585,-1.6421531086438686e-14
4.113197683928288e-13,-0.08826539665460587,-0.14001698791980743,-0.19498580694198608,-0.14234434068202972,-0.09056936949491501,0.02189219556748867,0.04089814051985741,0.09765611588954926,0.059487488120794296,0.053286079317331314,-2.0650323085628225e-13,8.039761890087094e-13,-0.07108736783266068,-0.16278034448623657,-0.17454279959201813,-0.17534737288951874,-0.06759311258792877,-0.0036620786413550377,0.07960072159767151,0.052939146757125854,0.09540867805480957,0.05148106813430786,-4.2985415032135987e-13,9.105381379437283e-13,-0.08578716218471527,-0.12560079991817474,-0.2243361920118332,-0.14691254496574402,-0.06501775979995728,-0.013801812194287777,-0.010880057699978352,0.13257059454917908,0.10869766771793365,0.06047438457608223,-4.900278316802287e-13,1.3181661708341896e-12,-0.09596173465251923,-0.17365841567516327,-0.17896489799022675,-0.09757399559020996,-0.09485156834125519,-0.07045790553092957,-0.15270251035690308,0.04837697371840477,0.13643509149551392,0.07050786167383194,-8.121509107589242e-13,1.970126319028598e-12,-0.13013187050819397,-0.3264079689979553,0.1187218725681305,-0.06547153741121292,0.027761517092585564,-0.07830148935317993,-0.014081903733313084,-0.13359345495700836,0.29758384823799133,0.11556359380483627,-1.6859893472651044e-12,2.2716821913154606e-12,-0.14471203088760376,-0.32309800386428833,0.014861177653074265,0.07161179929971695,0.09481192380189896,0.05611858144402504,0.0,0.0,0.30281612277030945,0.15028022229671478,-2.733611514232903e-12,2.0256307482063862e-12,-0.1165170818567276,-0.24367228150367737,-0.23170609772205353,0.11670144647359848,-0.18249592185020447,-0.1601797193288803,0.2960400879383087,0.3021506071090698,0.3012292981147766,0.15687350928783417,-3.5648066529919697e-12,1.7507913521730423e-12,-0.11980564147233963,-0.23048043251037598,-0.29977577924728394,-0.26683977246284485,-0.26858535408973694,-0.3445761203765869,0.37486693263053894,0.379114031791687,0.31152915954589844,0.1821056753396988,-3.446277985208468e-12,1.3526807712133104e-12,-0.09812599420547485,-0.1715383231639862,-0.17943501472473145,-0.3162119686603546,-0.3319540023803711,-0.29100245237350464,-0.295547753572464,0.2698206603527069,0.2794071137905121,0.11326953023672104,-1.9457063998168378e-12,7.887873297238168e-13,-0.06982472538948059,-0.11519242823123932,-0.15791872143745422,-0.21126095950603485,-0.14901629090309143,-0.09799548238515854,-0.12419458478689194,0.012595844455063343,0.12520991265773773,0.05027855187654495,-6.09590774126173e-13,4.5053300283190434e-13,-0.05374527722597122,-0.10369308292865753,-0.15484142303466797,-0.17960260808467865,-0.16806448996067047,-0.07882356643676758,0.00044272717786952853,0.04949483275413513,0.07152823358774185,0.049192704260349274,-3.091325752237889e-13,1.814025682054729e-13,-0.05079304426908493,-0.10477332025766373,-0.1507793366909027,-0.17953819036483765,-0.14096415042877197,-0.0761077031493187,0.008863254450261593,0.06251122802495956,0.06953968852758408,0.045264191925525665,-1.5437975062811832e-13
3.5178644394208425e-13,-0.1268197000026703,-0.2000785768032074,-0.27990514039993286,-0.20441269874572754,-0.13042713701725006,0.03241083025932312,0.05760565772652626,0.138912633061409,0.08330201357603073,0.07556506991386414,-1.312592748251365e-13,7.163702140169925e-13,-0.10287230461835861,-0.23503388464450836,-0.25069689750671387,-0.2521129846572876,-0.09666864573955536,-0.006343314424157143,0.11402498185634613,0.07486823201179504,0.13612419366836548,0.07233396172523499,-2.978051290812578e-13,8.492177230520759e-13,-0.12647175788879395,-0.1851637363433838,-0.32828566431999207,-0.21545636653900146,-0.09285208582878113,-0.018016057088971138,-0.016851279884576797,0.18955384194850922,0.15407776832580566,0.08956886827945709,-4.2180809626396476e-13,1.2742745227056762e-12,-0.1413412094116211,-0.25618648529052734,-0.268262654542923,-0.14972196519374847,-0.13976727426052094,-0.09538331627845764,-0.22051936388015747,0.0793718621134758,0.20580580830574036,0.10641246289014816,-7.920556571727744e-13,1.944681828763839e-12,-0.19275596737861633,-0.47523319721221924,0.164045050740242,-0.09984949231147766,0.036209121346473694,-0.12352654337882996,-0.027716273441910744,-0.20164702832698822,0.43162497878074646,0.17069533467292786,-1.5626144041908097e-12,2.1713490380714795e-12,-0.21234141290187836,-0.4697304964065552,0.017457719892263412,0.08322020620107651,0.08504290878772736,0.03311852365732193,0.0,0.0,0.4370361268520355,0.21560540795326233,-2.3493546517927566e-12,1.7899968616716389e-12,-0.1693420261144638,-0.3547298312187195,-0.34350302815437317,0.13678108155727386,-0.28719958662986755,-0.25940588116645813,0.4228762090206146,0.4313139319419861,0.4301277995109558,0.2218065857887268,-2.989537220207672e-12,1.3990516644496465e-12,-0.17307963967323303,-0.32757118344306946,-0.4237219989299774,-0.37648317217826843,-0.3944610059261322,-0.5083302855491638,0.5441685914993286,0.5476279258728027,0.4451817572116852,0.2603013813495636,-2.924236157039739e-12,9.92531144078379e-13,-0.13939304649829865,-0.24406848847866058,-0.2586097717285156,-0.45416349172592163,-0.4585238993167877,-0.39903655648231506,-0.40186789631843567,0.3904913067817688,0.4026913046836853,0.1635531485080719,-1.6843082917966656e-12,5.521905090295764e-13,-0.09951262176036835,-0.16570527851581573,-0.23034453392028809,-0.31119266152381897,-0.21762558817863464,-0.14081692695617676,-0.18332067131996155,0.023240147158503532,0.1910688728094101,0.07650745660066605,-5.541647869755639e-13,3.414209290720366e-13,-0.07767664641141891,-0.1503221094608307,-0.2255990207195282,-0.2586126923561096,-0.2414597123861313,-0.11684850603342056,-0.0015461937291547656,0.06968092918395996,0.10307500511407852,0.07466380298137665,-2.785741743619591e-13,1.4656560741541785e-13,-0.07378102093935013,-0.1525765061378479,-0.2172781527042389,-0.25882688164711,-0.20435942709445953,-0.11046035587787628,0.00880330428481102,0.08731164038181305,0.10061939805746078,0.06495671719312668,-1.2523978436349698e-13
2.887687105494058e-13,-0.16294743120670319,-0.25574585795402527,-0.3588370382785797,-0.2619715929031372,-0.1672198474407196,0.04276579990983009,0.07295506447553635,0.17701581120491028,0.10490623116493225,0.09614770114421844,-1.0710734328536059e-13,6.096864549678949e-13,-0.13303719460964203,-0.30312663316726685,-0.32165640592575073,-0.32334738969802856,-0.12329113483428955,-0.008903165347874165,0.14604978263378143,0.09505198150873184,0.17403437197208405,0.0913456454873085,-2.5887530509006995e-13,7.636030479804545e-13,-0.1656009405851364,-0.24309015274047852,-0.427789568901062,-0.28096604347229004,-0.1183260828256607,-0.020847205072641373,-0.022363370284438133,0.24273093044757843,0.1960378736257553,0.11778254061937332,-3.9855876303278304e-13,1.18738883742725e-12,-0.18464329838752747,-0.3350461423397064,-0.35365429520606995,-0.20187009871006012,-0.18424054980278015,-0.11657645553350449,-0.28519049286842346,0.11039680242538452,0.2737584412097931,0.1417165845632553,-7.597365661929367e-13,1.8375069261306054e-12,-0.25380125641822815,-0.6162656545639038,0.1994965821504593,-0.13587386906147003,0.04077918827533722,-0.17107386887073517,-0.04340946301817894,-0.2679009735584259,0.5582488179206848,0.22439150512218475,-1.4369337967765072e-12,2.033753807723082e-12,-0.27735745906829834,-0.6084376573562622,-0.001473660464398563,0.06937910616397858,0.03965139389038086,-0.019801190122961998,0.0,0.0,0.5628636479377747,0.276654452085495,-2.0478837809562167e-12,1.6446286606880411e-12,-0.21924231946468353,-0.4598029851913452,-0.4507121443748474,0.13973382115364075,-0.39576688408851624,-0.36472052335739136,0.5401826500892639,0.5504035949707031,0.548828661441803,0.28067833185195923,-2.5509800435224994e-12,1.2532636603848624e-12,-0.22310321033000946,-0.4167350232601166,-0.5370250344276428,-0.4765480160713196,-0.5154955983161926,-0.6671504378318787,0.7041777968406677,0.7052750587463379,0.5681008100509644,0.3324662446975708,-2.5159095726895453e-12,8.655054754488911e-13,-0.1772518903017044,-0.31095871329307556,-0.3333386480808258,-0.5825586915016174,-0.5694701671600342,-0.4920816123485565,-0.4913235902786255,0.5040596127510071,0.5180497765541077,0.2109578251838684,-1.4782054703552094e-12,4.672823000935467e-13,-0.12693572044372559,-0.2130805253982544,-0.2993376851081848,-0.40725448727607727,-0.2826133668422699,-0.18020206689834595,-0.24002809822559357,0.03527479246258736,0.25711122155189514,0.1028456911444664,-5.13715480744692e-13,2.883129390611472e-13,-0.10023955255746841,-0.19438882172107697,-0.2928065359592438,-0.33238717913627625,-0.30960962176322937,-0.1535688191652298,-0.003994907718151808,0.08851148933172226,0.13312865793704987,0.10034096240997314,-2.739203449567823e-13,1.238815365393886e-13,-0.09558693319559097,-0.197976753115654,-0.27944156527519226,-0.3329373300075531,-0.2640957832336426,-0.14270643889904022,0.007481742650270462,0.10994485765695572,0.13043193519115448,0.08345146477222443,-1.2061159633969948e-13
2.498548785402621e-13,-0.19672532379627228,-0.3074604868888855,-0.43274757266044617,-0.3161475956439972,-0.20205239951610565,0.05254904553294182,0.08701858669519424,0.21248960494995117,0.12490178644657135,0.11528940498828888,-8.668017475663148e-14,5.392527245053069e-13,-0.16141869127750397,-0.36730143427848816,-0.3882730305194855,-0.39021503925323486,-0.14827094972133636,-0.011875840835273266,0.17597070336341858,0.11404609680175781,0.20952898263931274,0.10890185832977295,-2.1985462495682784e-13,6.897488765041093e-13,-0.20320913195610046,-0.29889658093452454,-0.5229452848434448,-0.3437654674053192,-0.14183464646339417,-0.022580426186323166,-0.027554389089345932,0.2924541234970093,0.23532244563102722,0.1452886462211609,-3.628469324046951e-13,1.1044962687500881e-12,-0.22595536708831787,-0.41058018803596497,-0.4372910261154175,-0.2535366714000702,-0.22724272310733795,-0.13462822139263153,-0.34450241923332214,0.14225684106349945,0.34039410948753357,0.17630285024642944,-7.177166304848936e-13,1.7533398777996867e-12,-0.3129828870296478,-0.749231219291687,0.23282484710216522,-0.16989962756633759,0.04429773986339569,-0.21815165877342224,-0.05925610288977623,-0.3303942382335663,0.6777350306510925,0.2766420841217041,-1.3398454437943408e-12,1.9237094556201484e-12,-0.33954471349716187,-0.7391253709793091,-0.011182972230017185,0.06176390498876572,-0.00848616287112236,-0.07089721411466599,0.0,0.0,0.6808131337165833,0.3337717354297638,-1.831165644464172e-12,1.5055938266950175e-12,-0.2664772570133209,-0.559337317943573,-0.552935004234314,0.13403452932834625,-0.5006634593009949,-0.4689085781574249,0.6488993167877197,0.6603391766548157,0.6581459045410156,0.3340878188610077,-2.225748231554636e-12,1.1045200127776655e-12,-0.2703753113746643,-0.4995996356010437,-0.6422474384307861,-0.5698714256286621,-0.6327071785926819,-0.8188267350196838,0.8552905321121216,0.8525899052619934,0.6810975670814514,0.39900070428848267,-2.2089329063806895e-12,7.391965186655247e-13,-0.2123679518699646,-0.3734690546989441,-0.40485724806785583,-0.7046501040458679,-0.6726089119911194,-0.5794206857681274,-0.5732846260070801,0.6109068393707275,0.6260442733764648,0.2557813823223114,-1.3198501536484941e-12,3.882625015765029e-13,-0.15253561735153198,-0.257884681224823,-0.3655393421649933,-0.49972519278526306,-0.3444029986858368,-0.21630389988422394,-0.29406535625457764,0.0484003871679306,0.3229493498802185,0.1291903257369995,-4.751278038540863e-13,2.4378597556461157e-13,-0.12159594148397446,-0.23624975979328156,-0.35684439539909363,-0.40191686153411865,-0.37375038862228394,-0.18906988203525543,-0.006371666677296162,0.10643978416919708,0.16209235787391663,0.12618134915828705,-2.5999409331185774e-13,1.0615783290401568e-13,-0.11634419113397598,-0.24115653336048126,-0.33795586228370667,-0.4029085338115692,-0.32094553112983704,-0.17323188483715057,0.005323057994246483,0.13117994368076324,0.1593165546655655,0.10096494108438492,-1.1181491523697476e-13
2.1482820947507641e-13,-0.22859053313732147,-0.3559022843837738,-0.5024959444999695,-0.36743292212486267,-0.23510414361953735,0.06194154918193817,0.09995295107364655,0.24569736421108246,0.1433914601802826,0.13320137560367584,-7.161026600258774e-14,4.748920983017879e-13,-0.1883174479007721,-0.4282737374305725,-0.4512885808944702,-0.4534120559692383,-0.17176683247089386,-0.015081856399774551,0.20409974455833435,0.13182465732097626,0.24294418096542358,0.12516415119171143,-1.9068514128806058e-13,6.230107033565468e-13,-0.23946690559387207,-0.3529050052165985,-0.614488422870636,-0.404278427362442,-0.1636691838502884,-0.023424863815307617,-0.03267684951424599,0.339241623878479,0.272258996963501,0.17207661271095276,-3.33458195951597e-13,1.0257550017711559e-12,-0.26513850688934326,-0.48307543992996216,-0.5190540552139282,-0.30479487776756287,-0.26958104968070984,-0.15053005516529083,-0.4004756510257721,0.17406237125396729,0.4055333435535431,0.20999623835086823,-6.786896348739968e-13,1.665258317525009e-12,-0.3700941205024719,-0.8738248944282532,0.2629227340221405,-0.20321427285671234,0.04617399349808693,-0.2657780051231384,-0.0755983516573906,-0.39023998379707336,0.7905601859092712,0.32750093936920166,-1.253141796060675e-12,1.8130673828595234e-12,-0.39867860078811646,-0.8617185950279236,-0.019139742478728294,0.05435436591506004,-0.0632200837135315,-0.12436221539974213,0.0,0.0,0.7915738224983215,0.3874031603336334,-1.6443011232117333e-12,1.381572048604618e-12,-0.3111446797847748,-0.6537621021270752,-0.6505199670791626,0.11830025911331177,-0.6020298004150391,-0.5721446871757507,0.7501068115234375,0.7622188329696655,0.7590960264205933,0.3827081024646759,-1.9419810811521776e-12,9.85468434286374e-13,-0.31518882513046265,-0.5771127343177795,-0.7406166195869446,-0.6569156050682068,-0.7469796538352966,-0.9648284316062927,0.9982965588569641,0.9905251860618591,0.7852134108543396,0.4603568911552429,-1.940340249584338e-12,6.428989827479692e-13,-0.24514548480510712,-0.4322671592235565,-0.47358304262161255,-0.8215228319168091,-0.7689464688301086,-0.6617327928543091,-0.6485983729362488,0.7116366028785706,0.7274664640426636,0.29842862486839294,-1.1821286137470022e-12,3.290649816436314e-13,-0.17663249373435974,-0.3005507290363312,-0.4295007586479187,-0.5892791152000427,-0.4036372900009155,-0.2498539537191391,-0.34630975127220154,0.06213323771953583,0.38835349678993225,0.15547886490821838,-4.417240499158398e-13,2.0910703724119628e-13,-0.14198264479637146,-0.27638354897499084,-0.418375700712204,-0.46814677119255066,-0.4347016513347626,-0.22375594079494476,-0.008826145902276039,0.12351473420858383,0.19004888832569122,0.15208180248737335,-2.479966644368392e-13,9.19055074557161e-14,-0.13629691302776337,-0.2825870215892792,-0.39362213015556335,-0.46959519386291504,-0.37561821937561035,-0.20245139300823212,0.002321134554222226,0.15117834508419037,0.1873530000448227,0.11754028499126434,-1.048231868059496e-13
1.8799806817629966e-13,-0.2590479850769043,-0.40185388922691345,-0.5692958831787109,-0.4166733920574188,-0.26693159341812134,0.07100719958543777,0.11170970648527145,0.27691760659217834,0.16034266352653503,0.15004964172840118,-5.991731497892103e-14,4.242682594135516e-13,-0.21403449773788452,-0.48696765303611755,-0.5117291212081909,-0.5140629410743713,-0.19418233633041382,-0.018624981865286827,0.23068082332611084,0.1482124924659729,0.27454641461372375,0.14021125435829163,-1.6696767666385393e-13,5.64904080544576e-13,-0.27473604679107666,-0.4055319130420685,-0.7036352157592773,-0.46337011456489563,-0.1842743307352066,-0.023683754727244377,-0.03834223747253418,0.3835071623325348,0.3070637583732605,0.19822628796100616,-3.0645202087759005e-13,9.473702204665368e-13,-0.30199629068374634,-0.5533432960510254,-0.6002287864685059,-0.35641589760780334,-0.31227168440818787,-0.16536061465740204,-0.45523855090141296,0.2054017037153244,0.4694196879863739,0.24269352853298187,-6.408963529151712e-13,1.5702126014358053e-12,-0.424716591835022,-0.988837480545044,0.2893522083759308,-0.23707781732082367,0.046087417751550674,-0.31544560194015503,-0.09311032295227051,-0.4491104185581207,0.8969199657440186,0.37703511118888855,-1.1773911923543268e-12,1.6977800458908843e-12,-0.45420539379119873,-0.9754306674003601,-0.026700472459197044,0.04639250040054321,-0.12320659309625626,-0.1791442632675171,0.0,0.0,0.8956072330474854,0.43781688809394836,-1.4878986714580988e-12,1.2644280154155974e-12,-0.3533455431461334,-0.7437942028045654,-0.7443518042564392,0.08964193612337112,-0.6990537643432617,-0.6742312908172607,0.8446637988090515,0.8569372296333313,0.8524837493896484,0.42706987261772156,-1.6999944204079687e-12,8.848672120552459e-13,-0.35797154903411865,-0.6504645347595215,-0.8335860371589661,-0.7379875779151917,-0.8604231476783752,-1.1069929599761963,1.1340328454971313,1.1200478076934814,0.8813248872756958,0.5167519450187683,-1.7101648873071862e-12,5.658469027537694e-13,-0.2760958969593048,-0.48823651671409607,-0.5403191447257996,-0.9354850649833679,-0.8604965806007385,-0.741359293460846,-0.7195922136306763,0.8067952990531921,0.8230558633804321,0.33939146995544434,-1.066192598618565e-12,2.8357326794896387e-13,-0.19965262711048126,-0.3417249321937561,-0.49230119585990906,-0.6772923469543457,-0.4614676833152771,-0.2818199098110199,-0.3981805145740509,0.07595279812812805,0.45343098044395447,0.18177343904972076,-4.1393150300612913e-13,1.8295510505889068e-13,-0.16174225509166718,-0.3155481219291687,-0.4784819483757019,-0.5325455665588379,-0.4938257932662964,-0.2584826350212097,-0.011678311042487621,0.13957801461219788,0.21702787280082703,0.17801079154014587,-2.3672340129787806e-13,8.123186910451163e-14,-0.15582461655139923,-0.3229985237121582,-0.4476478397846222,-0.534375786781311,-0.42936328053474426,-0.23113900423049927,-0.0018769301241263747,0.16996824741363525,0.2145530879497528,0.1331923007965088,-9.848704154730853e-14
1.685849674920234e-13,-0.2888410687446594,-0.4463946223258972,-0.6348612308502197,-0.46508821845054626,-0.298382043838501,0.07979559898376465,0.12210933119058609,0.30643779039382935,0.17561806738376617,0.16602063179016113,-5.061120454479505e-14,3.875452747343494e-13,-0.23906093835830688,-0.5447813868522644,-0.57105553150177,-0.5737581253051758,-0.2161165326833725,-0.022780530154705048,0.2559756636619568,0.16290812194347382,0.30464649200439453,0.15407118201255798,-1.476589304386794e-13,5.169209244676454e-13,-0.30965396761894226,-0.45763421058654785,-0.7924046516418457,-0.5224877595901489,-0.20426279306411743,-0.023686716333031654,-0.04543505609035492,0.4257490336894989,0.33990877866744995,0.22393067181110382,-2.826586892063637e-13,8.655999636682232e-13,-0.3361973166465759,-0.622791051864624,-0.6830353736877441,-0.40991687774658203,-0.3568379878997803,-0.18029795587062836,-0.5116199851036072,0.2360706627368927,0.5327243804931641,0.2743035852909088,-6.055328764451029e-13,1.4539641192412578e-12,-0.4760991632938385,-1.0919430255889893,0.3103237450122833,-0.27377742528915405,0.04318897798657417,-0.3697175085544586,-0.1130591556429863,-0.5095418691635132,0.99658203125,0.4252934157848358,-1.1098609010995464e-12,1.562154377209024e-12,-0.5050893425941467,-1.0784488916397095,-0.037581220269203186,0.03426803648471832,-0.18859156966209412,-0.23552988469600677,0.0,0.0,0.9930614233016968,0.48507651686668396,-1.3525995644705913e-12,1.1488104304652191e-12,-0.39315658807754517,-0.8304683566093445,-0.8359702825546265,0.043870266526937485,-0.792195737361908,-0.77659010887146,0.9332943558692932,0.9452638030052185,0.938947319984436,0.4676162302494049,-1.486676884029925e-12,8.039596007154703e-13,-0.3992851972579956,-0.7211506366729736,-0.9229734539985657,-0.8133991956710815,-0.976104199886322,-1.2485164403915405,1.2635024785995483,1.242218017578125,0.9701651334762573,0.5681203603744507,-1.507591902878691e-12,5.086388124922459e-13,-0.305897980928421,-0.5425992012023926,-0.606472909450531,-1.0497276782989502,-0.9493874907493591,-0.8206180930137634,-0.7883816957473755,0.8968966007232666,0.9135512709617615,0.3793339431285858,-9.696769212239054e-13,2.5150923553020343e-13,-0.22220148146152496,-0.38243260979652405,-0.5556753873825073,-0.7660462260246277,-0.5196089744567871,-0.31343576312065125,-0.45187586545944214,0.08929218351840973,0.5187015533447266,0.2083006650209427,-3.9365903657488654e-13,1.6558400429880077e-13,-0.18141447007656097,-0.3549012541770935,-0.5388324856758118,-0.5971599221229553,-0.5529828071594238,-0.2946474552154541,-0.01546818669885397,0.1543080359697342,0.2430519461631775,0.2040434628725052,-2.2728182996669538e-13,7.440063647633222e-14,-0.17551645636558533,-0.36352890729904175,-0.5017367601394653,-0.5991873145103455,-0.4840099811553955,-0.26041290163993835,-0.008009150624275208,0.1874547004699707,0.24093057215213776,0.1479274332523346,-9.295018368275093e-14
1.5792174425793837e-13,-0.3188962936401367,-0.4909100830554962,-0.7012869715690613,-0.5142835974693298,-0.33057281374931335,0.08843302726745605,0.13119137287139893,0.33494436740875244,0.1894065886735916,0.18148548901081085,-4.319697269154765e-14,3.686048590922225e-13,-0.2641231417655945,-0.6034736037254333,-0.6311497092247009,-0.6344423890113831,-0.2383543998003006,-0.0278874933719635,0.28058356046676636,0.17603346705436707,0.33391034603118896,0.16693656146526337,-1.324595001826051e-13,4.820794371335202e-13,-0.34503409266471863,-0.510626494884491,-0.8833949565887451,-0.5835010409355164,-0.2243019938468933,-0.023536479100584984,-0.05451683700084686,0.4669490456581116,0.37131765484809875,0.24966216087341309,-2.627753429348262e-13,7.749340990952092e-13,-0.367648184299469,-0.6933379173278809,-0.7704130411148071,-0.4673156440258026,-0.40448319911956787,-0.19615283608436584,-0.5715734958648682,0.26673784852027893,0.5968137383460999,0.30479082465171814,-5.724687759424418e-13,1.2966454082316559e-12,-0.5230712890625,-1.1804296970367432,0.3232165575027466,-0.3156886696815491,0.036093659698963165,-0.43092581629753113,-0.1364498734474182,-0.5736913084983826,1.0885709524154663,0.4721611738204956,-1.0462039221059705e-12,1.385409907454782e-12,-0.5498426556587219,-1.167941689491272,-0.055387623608112335,0.01455717533826828,-0.2580265700817108,-0.29226166009902954,0.0,0.0,1.0834386348724365,0.528870165348053,-1.2291991426452431e-12,1.0277880976850007e-12,-0.43073078989982605,-0.9148195385932922,-0.9272427558898926,-0.017780480906367302,-0.8830363750457764,-0.8812606930732727,1.0164991617202759,1.0277498960494995,1.0188215970993042,0.5046887993812561,-1.2905307248192721e-12,7.443086945391197e-13,-0.4396466314792633,-0.7909385561943054,-1.011197566986084,-0.8846550583839417,-1.0959211587905884,-1.392678141593933,1.387734293937683,1.358021855354309,1.0521577596664429,0.6139432787895203,-1.3232262507933967e-12,4.732222643258344e-13,-0.3354375660419464,-0.5969953536987305,-0.6742786765098572,-1.167502760887146,-1.0384629964828491,-0.9012501239776611,-0.856302797794342,0.9822483062744141,0.9995208978652954,0.41907843947410583,-8.918094669858878e-13,2.340823119107577e-13,-0.24506711959838867,-0.4241354465484619,-0.6217531561851501,-0.858325719833374,-0.5798546075820923,-0.34562984108924866,-0.5096383094787598,0.10201442241668701,0.585236668586731,0.2355409562587738,-3.8414006676111556e-13,1.5849742850647386e-13,-0.20172229409217834,-0.3958364427089691,-0.6014280319213867,-0.6641469597816467,-0.6140651702880859,-0.33373555541038513,-0.02041471190750599,0.16776476800441742,0.2684750556945801,0.23050135374069214,-2.213181352593574e-13,7.225016890105226e-14,-0.19608967006206512,-0.40557006001472473,-0.5577313303947449,-0.6661274433135986,-0.5415028929710388,-0.29125359654426575,-0.016702452674508095,0.20391784608364105,0.2668945789337158,0.1619175225496292,-8.859665117429832e-14
1.574638992330249e-13,-0.34999626874923706,-0.5367078185081482,-0.7703326940536499,-0.5656349658966064,-0.3642546832561493,0.09761598706245422,0.1396595537662506,0.36382341384887695,0.2024693489074707,0.19708605110645294,-3.817863112784946e-14,3.7111337765870223e-13,-0.29000014066696167,-0.6645256280899048,-0.6937586069107056,-0.6977046728134155,-0.2612825036048889,-0.03383069485425949,0.30583465099334717,0.18847951292991638,0.363535076379776,0.1793004423379898,-1.2336794997028222e-13,4.654171470962198e-13,-0.3812740743160248,-0.5660954713821411,-0.9789414405822754,-0.6479882597923279,-0.24457770586013794,-0.02262325957417488,-0.065424345433712,0.5088299512863159,0.4024523198604584,0.27618420124053955,-2.4979288928105026e-13,6.777343985499285e-13,-0.39726418256759644,-0.7664018273353577,-0.8650988340377808,-0.5307715535163879,-0.4549751281738281,-0.2130303978919983,-0.63548743724823,0.2992611825466156,0.6637499928474426,0.33439722657203674,-5.41475230538685e-13,1.0863709020911272e-12,-0.5643463134765625,-1.253401279449463,0.32556238770484924,-0.3644663393497467,0.022788578644394875,-0.49996045231819153,-0.16332277655601501,-0.6425014138221741,1.1713852882385254,0.5171841979026794,-9.769460631095517e-13,1.1547238859543896e-12,-0.5871631503105164,-1.2415745258331299,-0.08256684988737106,-0.014347107149660587,-0.32882052659988403,-0.34787073731422424,0.0,0.0,1.1654859781265259,0.568507969379425,-1.1029788193894774e-12,8.993054781761267e-13,-0.46657708287239075,-0.996861457824707,-1.0194340944290161,-0.08868060261011124,-0.9725592136383057,-0.9889520406723022,1.0946394205093384,1.1048282384872437,1.0921984910964966,0.5386413335800171,-1.0970778322252905e-12,7.057646025758479e-13,-0.4789361357688904,-0.8612873554229736,-1.1003361940383911,-0.953583836555481,-1.2190978527069092,-1.5411113500595093,1.5076675415039062,1.468272089958191,1.127408504486084,0.6532796621322632,-1.143803584832681e-12,4.608554206655957e-13,-0.3655547797679901,-0.6528497338294983,-0.7459843158721924,-1.2909080982208252,-1.1305559873580933,-0.9837674498558044,-0.9232726693153381,1.0628199577331543,1.0811480283737183,0.45943745970726013,-8.300691948029404e-13,2.3326219428243533e-13,-0.26893794536590576,-0.46824461221694946,-0.6922898292541504,-0.9565079212188721,-0.6432957053184509,-0.37838980555534363,-0.5731571912765503,0.11474748700857162,0.6545526385307312,0.264247328042984,-3.9059968909467557e-13,1.6331537901551063e-13,-0.22332793474197388,-0.439479798078537,-0.6679136753082275,-0.7350042462348938,-0.6782100796699524,-0.3766418993473053,-0.02581598609685898,0.18077215552330017,0.29416653513908386,0.25793468952178955,-2.2266044531153023e-13,7.55375647557184e-14,-0.21812909841537476,-0.45028117299079895,-0.6169508099555969,-0.7366868257522583,-0.6031398773193359,-0.32377874851226807,-0.02795216254889965,0.22043418884277344,0.2934601306915283,0.17557914555072784,-8.690600729289663e-14
1.6662187038093967e-13,-0.38246795535087585,-0.5845492482185364,-0.842768669128418,-0.6196234822273254,-0.3992210328578949,0.10898283123970032,0.1489724963903427,0.3950437009334564,0.21602927148342133,0.21363019943237305,-3.640392769676225e-14,3.9170749976946695e-13,-0.31725484132766724,-0.7285556197166443,-0.7598651647567749,-0.7641368508338928,-0.28431254625320435,-0.03968711942434311,0.3338543474674225,0.20178328454494476,0.395054429769516,0.19191810488700867,-1.2298776092597302e-13,4.683177131682703e-13,-0.4178224205970764,-0.6251053214073181,-1.0803571939468384,-0.716606080532074,-0.2643054723739624,-0.01930469088256359,-0.07746520638465881,0.5536426305770874,0.4350799024105072,0.3042370676994324,-2.483365618179134e-13,5.927789726092869e-13,-0.42680999636650085,-0.8418172001838684,-0.9688641428947449,-0.6023298501968384,-0.5063701868057251,-0.23034216463565826,-0.7024660706520081,0.3364754617214203,0.7357393503189087,0.3640764653682709,-5.143107077373865e-13,8.474173511345551e-13,-0.5991947650909424,-1.3124433755874634,0.31580376625061035,-0.42089617252349854,0.001028814585879445,-0.5760582685470581,-0.19286946952342987,-0.7158152461051941,1.243959903717041,0.5594820976257324,-8.913997469849055e-13,8.934614116259953e-13,-0.6167643070220947,-1.299798846244812,-0.12020491808652878,-0.05240048095583916,-0.3986785411834717,-0.4031265079975128,0.0,0.0,1.2377142906188965,0.6032559275627136,-9.607808255582273e-13,7.744246867044668e-13,-0.5014288425445557,-1.0748670101165771,-1.112434983253479,-0.16250203549861908,-1.0599267482757568,-1.0984032154083252,1.1681796312332153,1.17709481716156,1.1592257022857666,0.57001793384552,-8.992772347095335e-13,6.786983627014853e-13,-0.5161858797073364,-0.9326977133750916,-1.1907659769058228,-1.0202250480651855,-1.3426002264022827,-1.6929668188095093,1.623948335647583,1.5735116004943848,1.19591224193573,0.6852172613143921,-9.586486335658173e-13,4.636594385341863e-13,-0.39674732089042664,-0.710751473903656,-0.8228794932365417,-1.4202631711959839,-1.2273708581924438,-1.067762851715088,-0.988185465335846,1.1381957530975342,1.1579424142837524,0.5006991028785706,-7.797732728617723e-13,2.4759347675394616e-13,-0.29414764046669006,-0.5155794620513916,-0.768092930316925,-1.0618634223937988,-0.7098376750946045,-0.41048386693000793,-0.6432934403419495,0.12868516147136688,0.7278670072555542,0.29528915882110596,-4.183617699233394e-13,1.790528310471537e-13,-0.24657967686653137,-0.48629385232925415,-0.7390060424804688,-0.8101046681404114,-0.7453200221061707,-0.42323437333106995,-0.029816126450896263,0.19476330280303955,0.3212580680847168,0.28675010800361633,-2.3556306102782976e-13,8.383875868935367e-14,-0.24187330901622772,-0.49815651774406433,-0.6797569990158081,-0.811223030090332,-0.6690818071365356,-0.3568163812160492,-0.041049327701330185,0.23882697522640228,0.3219875991344452,0.18942773342132568,-8.945019611085112e-14
1.8233251551386803e-13,-0.4162937104701996,-0.6347510814666748,-0.9186594486236572,-0.6760858297348022,-0.4346303343772888,0.12477213889360428,0.16097086668014526,0.4307522773742676,0.23155227303504944,0.23190192878246307,-3.846590065784486e-14,4.18997817127828e-13,-0.34627798199653625,-0.7955780029296875,-0.8298544883728027,-0.8336248397827148,-0.3061886429786682,-0.04409470781683922,0.3671887218952179,0.21780486404895782,0.4299635887145996,0.20571310818195343,-1.3228244996783822e-13,4.813836503893276e-13,-0.45363423228263855,-0.6881012320518494,-1.1879867315292358,-0.7893229722976685,-0.28201624751091003,-0.011205600574612617,-0.08988846093416214,0.6037348508834839,0.4713593125343323,0.3340649902820587,-2.628979933055886e-13,5.370648587313398e-13,-0.4575093984603882,-0.9180322289466858,-1.082477331161499,-0.6833574771881104,-0.556063175201416,-0.24704192578792572,-0.7701510787010193,0.38190320134162903,0.814304530620575,0.3956628739833832,-4.981649316150583e-13,6.315535117443205e-13,-0.6277939081192017,-1.360011339187622,0.29368001222610474,-0.4849390387535095,-0.030499061569571495,-0.657477617263794,-0.2240503877401352,-0.7927259802818298,1.3063371181488037,0.5979082584381104,-7.879344962949397e-13,6.52643629243943e-13,-0.6396564245223999,-1.3456705808639526,-0.16777029633522034,-0.09750708937644958,-0.46646812558174133,-0.45964139699935913,0.0,0.0,1.2995389699935913,0.6328527331352234,-8.028788137798282e-13,6.651798252835239e-13,-0.5352592468261719,-1.1463797092437744,-1.2052650451660156,-0.2345244437456131,-1.1431559324264526,-1.207196831703186,1.2378515005111694,1.245503306388855,1.2204585075378418,0.5995084047317505,-7.082660196180979e-13,6.463716823064403e-13,-0.5504996180534363,-1.0045629739761353,-1.2809501886367798,-1.0828630924224854,-1.4618655443191528,-1.8446474075317383,1.7366703748703003,1.6739270687103271,1.2578679323196411,0.709686815738678,-7.678514399832304e-13,4.679027889968601e-13,-0.429083913564682,-0.7707818150520325,-0.9053576588630676,-1.5539419651031494,-1.3291305303573608,-1.1527055501937866,-1.0496701002120972,1.2077606916427612,1.228668212890625,0.5419342517852783,-7.323732007132044e-13,2.718446127925045e-13,-0.3207976520061493,-0.5663502812385559,-0.849087655544281,-1.1745439767837524,-0.7782506346702576,-0.43953341245651245,-0.7194960117340088,0.14511585235595703,0.8048028349876404,0.32937610149383545,-4.667753271576924e-13,2.0180349904162787e-13,-0.271481454372406,-0.5361089110374451,-0.8144407868385315,-0.8887612223625183,-0.8141703605651855,-0.4722653329372406,-0.029429953545331955,0.21143390238285065,0.35066306591033936,0.3166375160217285,-2.605369262345669e-13,9.536909971593829e-14,-0.2672129273414612,-0.548962414264679,-0.7456021308898926,-0.8890129923820496,-0.7383641004562378,-0.3879295289516449,-0.05483566224575043,0.26136958599090576,0.35375717282295227,0.20385152101516724,-9.583873543947755e-14
2.0249044953811468e-13,-0.45128071308135986,-0.6875427961349487,-0.9978813529014587,-0.7347922921180725,-0.4695113003253937,0.14748923480510712,0.17745491862297058,0.47299402952194214,0.2505163550376892,0.2525656521320343,-4.487370490382364e-14,4.4623514410500886e-13,-0.37749165296554565,-0.8654375672340393,-0.9040895700454712,-0.9059271812438965,-0.32546183466911316,-0.045711711049079895,0.4085172712802887,0.2383616864681244,0.46952155232429504,0.22170154750347137,-1.4995960744869363e-13,4.925886630015308e-13,-0.48805323243141174,-0.7554252743721008,-1.3014029264450073,-0.8658882975578308,-0.2960068881511688,0.004414561204612255,-0.10251232236623764,0.6612686514854431,0.5136567950248718,0.36526739597320557,-2.9533924676521106e-13,5.04324338367057e-13,-0.4893486499786377,-0.992870569229126,-1.2059779167175293,-0.7738282680511475,-0.6017372608184814,-0.2619079649448395,-0.8342862129211426,0.439733624458313,0.8997802734375,0.43125689029693604,-5.03875044986779e-13,4.708740450505566e-13,-0.6510405540466309,-1.3986656665802002,0.2600526809692383,-0.5561763048171997,-0.07109904289245605,-0.7419467568397522,-0.2560213804244995,-0.8718022108078003,1.359380841255188,0.6314741969108582,-6.798423586237834e-13,4.653923188664699e-13,-0.6576287150382996,-1.3827528953552246,-0.22404845058918,-0.14671330153942108,-0.5319312810897827,-0.5182382464408875,0.0,0.0,1.3519175052642822,0.6577905416488647,-6.451354207792637e-13,5.674497872455719e-13,-0.5670067071914673,-1.209580421447754,-1.296849250793457,-0.3021843433380127,-1.2206225395202637,-1.3135849237442017,1.3044346570968628,1.3110848665237427,1.2768445014953613,0.6275264024734497,-5.472381987663144e-13,6.000483313353677e-13,-0.5817053914070129,-1.0752875804901123,-1.3678044080734253,-1.139385461807251,-1.572867512702942,-1.990824580192566,1.8454298973083496,1.7694445848464966,1.313753604888916,0.727894127368927,-5.848187602588983e-13,4.688759688668831e-13,-0.46216103434562683,-0.8329522013664246,-0.9932626485824585,-1.6884922981262207,-1.4335415363311768,-1.237930417060852,-1.1058986186981201,1.2712223529815674,1.292042851448059,0.581027090549469,-6.759230761904655e-13,3.0106012084349376e-13,-0.3489367663860321,-0.6202652454376221,-0.934565544128418,-1.2940969467163086,-0.8465454578399658,-0.4621969163417816,-0.7992709279060364,0.1651773452758789,0.882764458656311,0.36681342124938965,-5.22473069582835e-13,2.275070594155021e-13,-0.29773256182670593,-0.5882930159568787,-0.8932467699050903,-0.9696100354194641,-0.8829292058944702,-0.5216113924980164,-0.020600220188498497,0.23257747292518616,0.38285934925079346,0.34645840525627136,-2.907196781486848e-13,1.0793301067355335e-13,-0.2937600910663605,-0.6018753051757812,-0.8133151531219482,-0.9687164425849915,-0.8093183636665344,-0.4137064814567566,-0.06799744069576263,0.2906688451766968,0.3898807764053345,0.21903756260871887,-1.0232342317201271e-13
2.271599385374537e-13,-0.48686087131500244,-0.7432499527931213,-1.0801432132720947,-0.7959039807319641,-0.5030242204666138,0.17975448071956635,0.1999165564775467,0.523623526096344,0.27429160475730896,0.27622756361961365,-5.651634894668703e-14,4.775121270617078e-13,-0.41141512989997864,-0.9375759363174438,-0.9833554625511169,-0.9810194969177246,-0.3407869338989258,-0.043446604162454605,0.46051570773124695,0.2650323212146759,0.5148550868034363,0.24096783995628357,-1.7436532361199408e-13,4.994485185670638e-13,-0.5211549401283264,-0.8277683854103088,-1.4188910722732544,-0.9459758400917053,-0.30461227893829346,0.03047540970146656,-0.11607275158166885,0.7281241416931152,0.5644899606704712,0.39720043540000916,-3.440100580700406e-13,4.794126250498576e-13,-0.5213226079940796,-1.0639820098876953,-1.3386812210083008,-0.8720777630805969,-0.6413587927818298,-0.2737921178340912,-0.8889732360839844,0.5146490335464478,0.9909247756004333,0.4720526337623596,-5.370251769318268e-13,3.6409197596946885e-13,-0.6701071858406067,-1.4307619333267212,0.2164594680070877,-0.6341847777366638,-0.11801467835903168,-0.8260820508003235,-0.28780215978622437,-0.9511740207672119,1.4043493270874023,0.659717857837677,-5.864028880531169e-13,3.333180086106946e-13,-0.6723817586898804,-1.4139312505722046,-0.28811365365982056,-0.19774217903614044,-0.5948101878166199,-0.5785180926322937,0.0,0.0,1.3966057300567627,0.6790497303009033,-5.057998291035926e-13,4.73081209623194e-13,-0.595546543598175,-1.2637733221054077,-1.3860540390014648,-0.36469417810440063,-1.291938304901123,-1.4174262285232544,1.3681728839874268,1.374234914779663,1.3290867805480957,0.6538710594177246,-4.2863946441741574e-13,5.413947827374865e-13,-0.6100059151649475,-1.1426407098770142,-1.4476509094238281,-1.1887691020965576,-1.6739217042922974,-2.126783609390259,1.9493860006332397,1.8596605062484741,1.3639582395553589,0.7417039275169373,-4.273569345625283e-13,4.672841974473485e-13,-0.4952419698238373,-0.8973714709281921,-1.0861966609954834,-1.8195478916168213,-1.5364290475845337,-1.322021484375,-1.1543651819229126,1.3289105892181396,1.347682237625122,0.615909218788147,-6.026900983488459e-13,3.3092601467270277e-13,-0.37869131565093994,-0.6768099069595337,-1.0236748456954956,-1.4203941822052002,-0.9130567312240601,-0.47527357935905457,-0.8788021206855774,0.1900624781847,0.9583641886711121,0.4072210490703583,-5.635676929467703e-13,2.5259658188898915e-13,-0.324917197227478,-0.6421655416488647,-0.9745088219642639,-1.0514875650405884,-0.9504353404045105,-0.5691032409667969,0.0007628913735970855,0.25984013080596924,0.4181852340698242,0.37512144446372986,-3.147449748747144e-13,1.1919778315425122e-13,-0.32107293605804443,-0.6559851169586182,-0.8817870616912842,-1.0494807958602905,-0.880495548248291,-0.4309704005718231,-0.07945717871189117,0.32934480905532837,0.4314119815826416,0.23506243526935577,-1.0406965274354502e-13
2.5560199031111897e-13,-0.5216406583786011,-0.802288830280304,-1.1646984815597534,-0.860427737236023,-0.5346499085426331,0.22384601831436157,0.22937172651290894,0.5841517448425293,0.3040887415409088,0.30354881286621094,-7.528946541733583e-14,5.195867607693527e-13,-0.44846829771995544,-1.010237216949463,-1.069051742553711,-1.059391975402832,-0.35139501094818115,-0.036564286798238754,0.5254780650138855,0.29924049973487854,0.5671852231025696,0.26452818512916565,-2.0747870110339461e-13,5.069564017710915e-13,-0.5534824132919312,-0.9060657024383545,-1.5364716053009033,-1.0291715860366821,-0.30665284395217896,0.06971455365419388,-0.13131199777126312,0.8059702515602112,0.626132071018219,0.42958375811576843,-4.0493040236004585e-13,4.520917060851781e-13,-0.5518645644187927,-1.128843903541565,-1.478645920753479,-0.9748069643974304,-0.6730785369873047,-0.2814691662788391,-0.930012583732605,0.6103652715682983,1.0842527151107788,0.5171788334846497,-5.897878756558339e-13,2.9284371151974686e-13,-0.6860569715499878,-1.4582158327102661,0.16502481698989868,-0.7183766961097717,-0.1667165905237198,-0.9045259356498718,-0.3167605698108673,-1.0291457176208496,1.4426720142364502,0.6828317642211914,-5.161840464611156e-13,2.4327859605294266e-13,-0.6851279735565186,-1.4412206411361694,-0.3590555489063263,-0.24849072098731995,-0.6538561582565308,-0.6387128829956055,0.0,0.0,1.435313105583191,0.6976377964019775,-3.922614457644441e-13,3.8333168562131037e-13,-0.620442807674408,-1.3094236850738525,-1.4713026285171509,-0.4214884042739868,-1.3569388389587402,-1.5187327861785889,1.428659439086914,1.434586524963379,1.3773024082183838,0.6780402660369873,-3.4375760159417734e-13,4.757344691797005e-13,-0.6355582475662231,-1.2042659521102905,-1.5178989171981812,-1.2307404279708862,-1.764803171157837,-2.250326156616211,2.0472218990325928,1.9437512159347534,1.4086658954620361,0.7527608871459961,-3.0557864181754435e-13,4.61526433390147e-13,-0.5275383591651917,-0.9642599821090698,-1.183571696281433,-1.9442672729492188,-1.6350876092910767,-1.4033703804016113,-1.193405032157898,1.381516933441162,1.3962222337722778,0.6457996964454651,-5.178914480423458e-13,3.59438227879455e-13,-0.4103989601135254,-0.7357465624809265,-1.116398811340332,-1.5540540218353271,-0.9779726266860962,-0.4783567190170288,-0.955999493598938,0.22054164111614227,1.0296822786331177,0.4493774473667145,-5.765270530942723e-13,2.760958237209288e-13,-0.3528577983379364,-0.6977649331092834,-1.0583020448684692,-1.1347113847732544,-1.018111228942871,-0.6140458583831787,0.036182161420583725,0.29360100626945496,0.4569697976112366,0.40247881412506104,-3.274126846378178e-13,1.2813942886370083e-13,-0.3490959107875824,-0.711031436920166,-0.9510890245437622,-1.132407784461975,-0.9518299102783203,-0.439022034406662,-0.08936059474945068,0.37872788310050964,0.47872263193130493,0.25183215737342834,-1.0113008927460296e-13
2.8215892621495653e-13,-0.553639829158783,-0.8648859858512878,-1.2508201599121094,-0.9301109313964844,-0.564204216003418,0.2815088927745819,0.2664126455783844,0.6558915972709656,0.3408951461315155,0.3353838324546814,-1.0426105508457018e-13,5.712749067202094e-13,-0.48852190375328064,-1.080615520477295,-1.1624293327331543,-1.142425537109375,-0.35755544900894165,-0.024666011333465576,0.6053435206413269,0.3425358831882477,0.6281343102455139,0.2930704951286316,-2.5646748180035983e-13,5.191119886380213e-13,-0.5856117606163025,-0.9906778931617737,-1.649114966392517,-1.1150622367858887,-0.3019987642765045,0.12430645525455475,-0.14724619686603546,0.8967409133911133,0.6997540593147278,0.4629051387310028,-4.706194201703484e-13,4.163948645521248e-13,-0.5795186758041382,-1.185356855392456,-1.6214463710784912,-1.0763953924179077,-0.6946340203285217,-0.2811044454574585,-0.9557933807373047,0.7281743884086609,1.1744804382324219,0.5636683702468872,-6.380033762583281e-13,2.3856548789398524e-13,-0.6998107433319092,-1.4826079607009888,0.10933732986450195,-0.8068075180053711,-0.21000796556472778,-0.9694585800170898,-0.33671024441719055,-1.1032911539077759,1.4758161306381226,0.7015753984451294,-4.60906595008137e-13,1.8264357311715412e-13,-0.6965933442115784,-1.4659513235092163,-0.4346817135810852,-0.2953963279724121,-0.7059035301208496,-0.6946049332618713,0.0,0.0,1.4695806503295898,0.7144138813018799,-3.0431961204474556e-13,3.048686249198379e-13,-0.6420111656188965,-1.3478357791900635,-1.5505112409591675,-0.47055289149284363,-1.414028525352478,-1.616437315940857,1.4854834079742432,1.4917316436767578,1.421531081199646,0.699820339679718,-2.7904211601960383e-13,4.088217665874222e-13,-0.6583071351051331,-1.2580927610397339,-1.5779396295547485,-1.2638072967529297,-1.8447250127792358,-2.360848903656006,2.137812852859497,2.0210928916931152,1.448283076286316,0.7622197866439819,-2.2066968749252097e-13,4.510758357546135e-13,-0.5583856701850891,-1.033664584159851,-1.2841278314590454,-2.0628087520599365,-1.7286884784698486,-1.480234146118164,-1.2235910892486572,1.4298723936080933,1.4388148784637451,0.671103835105896,-4.366999383637049e-13,3.8999627637557877e-13,-0.4445132613182068,-0.7972010374069214,-1.2137055397033691,-1.6950030326843262,-1.0432348251342773,-0.4756140410900116,-1.031947374343872,0.25554174184799194,1.0961763858795166,0.491540789604187,-5.648204885570773e-13,3.033132013781359e-13,-0.3816894590854645,-0.7559670805931091,-1.1455134153366089,-1.2211679220199585,-1.0910069942474365,-0.6579042673110962,0.08337026089429855,0.3323211073875427,0.49880486726760864,0.4290033280849457,-3.3256172338527734e-13,1.3735539127531643e-13,-0.3782408833503723,-0.7674064636230469,-1.0226547718048096,-1.220985770225525,-1.0246124267578125,-0.4406968057155609,-0.09986595064401627,0.4378451406955719,0.5309712886810303,0.2687472403049469,-9.803901532831963e-14
2.9807745356193183e-13,-0.5817710757255554,-0.9299992322921753,-1.3393564224243164,-1.0059406757354736,-0.5910925269126892,0.3550737798213959,0.31094157695770264,0.7399939894676208,0.3850548565387726,0.3726446032524109,-1.4748843964705605e-13,6.218222009350682e-13,-0.5303409099578857,-1.1470143795013428,-1.261969804763794,-1.2320983409881592,-0.3601517677307129,-0.007690246682614088,0.702570378780365,0.39633798599243164,0.6994171738624573,0.32670658826828003,-3.3171956934779923e-13,5.36220211028865e-13,-0.6176134943962097,-1.0796250104904175,-1.7550621032714844,-1.2023929357528687,-0.2915487587451935,0.19606977701187134,-0.16116689145565033,1.0020395517349243,0.784269392490387,0.4980037808418274,-5.341607690022288e-13,3.746705365664099e-13,-0.6038668155670166,-1.233243703842163,-1.7587231397628784,-1.1685783863067627,-0.7014240622520447,-0.26361674070358276,-0.9601816534996033,0.866459310054779,1.2567369937896729,0.607977032661438,-6.545575171289231e-13,1.9309536337507732e-13,-0.7122234106063843,-1.5052978992462158,0.055805061012506485,-0.8944748044013977,-0.23736149072647095,-1.0113979578018188,-0.3392653465270996,-1.1673932075500488,1.5051299333572388,0.7169820070266724,-4.0557441845050224e-13,1.4304929582455855e-13,-0.707163393497467,-1.4890155792236328,-0.5101698637008667,-0.33244064450263977,-0.7452019453048706,-0.7380910515785217,0.0,0.0,1.500826120376587,0.7300641536712646,-2.4125512243337865e-13,2.420785468783271e-13,-0.6610530018806458,-1.3806716203689575,-1.622174620628357,-0.5075307488441467,-1.459275722503662,-1.7081009149551392,1.5388143062591553,1.5458428859710693,1.4621868133544922,0.7194625735282898,-2.296720756286841e-13,3.4439364879866596e-13,-0.6780598163604736,-1.3028076887130737,-1.628008246421814,-1.284119963645935,-1.9111783504486084,-2.4569947719573975,2.2210700511932373,2.091954469680786,1.4837260246276855,0.7708694934844971,-1.6672821706153335e-13,4.3719197641463314e-13,-0.5872926712036133,-1.1050211191177368,-1.3856675624847412,-2.176562786102295,-1.8163214921951294,-1.5505504608154297,-1.2479479312896729,1.475037693977356,1.4767953157424927,0.6927516460418701,-3.680691276937431e-13,4.2794161768909544e-13,-0.4812382757663727,-0.861112117767334,-1.3161894083023071,-1.8407045602798462,-1.111241102218628,-0.47464796900749207,-1.1094608306884766,0.2913118302822113,1.1575623750686646,0.5320720076560974,-5.370453430922351e-13,3.4169414801950293e-13,-0.4115331172943115,-0.8176643252372742,-1.2368359565734863,-1.3131850957870483,-1.1775779724121094,-0.7043455243110657,0.1371271163225174,0.37279874086380005,0.5417889356613159,0.4550456404685974,-3.324647143958942e-13,1.5083501938781274e-13,-0.4089551270008087,-0.8254374265670776,-1.0981966257095337,-1.320403814315796,-1.1008237600326538,-0.4421033561229706,-0.11538039147853851,0.5040117502212524,0.5862823128700256,0.2843937277793884,-9.631921996100523e-14
2.991084485128026e-13,-0.6062514185905457,-0.9944040179252625,-1.4321672916412354,-1.0882363319396973,-0.6133034825325012,0.4481598138809204,0.3612806499004364,0.8355381488800049,0.4362312853336334,0.4153384566307068,-2.0825172369984962e-13,6.537281024669717e-13,-0.5714585781097412,-1.2094050645828247,-1.3623589277267456,-1.3294084072113037,-0.36066800355911255,0.013277648948132992,0.8198975324630737,0.4623343348503113,0.7810048460960388,0.3651582896709442,-4.3936574756035796e-13,5.500613528032494e-13,-0.6485803127288818,-1.1671669483184814,-1.8546807765960693,-1.2864235639572144,-0.2777631878852844,0.28467196226119995,-0.16951718926429749,1.119488000869751,0.8756824135780334,0.5348218679428101,-5.930053540229019e-13,3.3809432575630793e-13,-0.6255702972412109,-1.2742326259613037,-1.87934148311615,-1.24382483959198,-0.688359260559082,-0.2209828794002533,-0.9351846575737,1.019910216331482,1.3282321691513062,0.6474325060844421,-6.308146821738803e-13,1.593669044386986e-13,-0.7239961624145508,-1.5273361206054688,0.011331952176988125,-0.9752920269966125,-0.2395155429840088,-1.0237077474594116,-0.3194839060306549,-1.2135776281356812,1.5318561792373657,0.7301523685455322,-3.435723927580625e-13,1.1917844369799951e-13,-0.7171075344085693,-1.511137843132019,-0.580194890499115,-0.35379669070243835,-0.766365110874176,-0.7607288956642151,0.0,0.0,1.5302629470825195,0.745065450668335,-2.0031646155195537e-13,1.9586014667755114e-13,-0.6785926222801208,-1.4096635580062866,-1.6864213943481445,-0.5279785990715027,-1.48842453956604,-1.7912993431091309,1.58938467502594,1.59768807888031,1.500012993812561,0.7374789118766785,-1.9534025818331718e-13,2.8500983582750716e-13,-0.6949021220207214,-1.3387242555618286,-1.668801188468933,-1.287405014038086,-1.961194396018982,-2.5369834899902344,2.297849416732788,2.157367467880249,1.5161991119384766,0.7792559266090393,-1.3527621676914098e-13,4.209184541713318e-13,-0.6141740083694458,-1.1774221658706665,-1.4864922761917114,-2.2871105670928955,-1.8972218036651611,-1.613093376159668,-1.2696727514266968,1.518253207206726,1.5114952325820923,0.7117951512336731,-3.127398242718654e-13,4.735001453426424e-13,-0.5204673409461975,-0.9273165464401245,-1.4238826036453247,-1.9883259534835815,-1.1858463287353516,-0.4807516932487488,-1.1899231672286987,0.32296618819236755,1.2140145301818848,0.570031464099884,-4.992732572858816e-13,3.924762804249221e-13,-0.4424711763858795,-0.8837342262268066,-1.332898497581482,-1.413852572441101,-1.2863759994506836,-0.7585110664367676,0.1918603926897049,0.41179975867271423,0.5836431384086609,0.4808461368083954,-3.241745793244183e-13,1.69634529405098e-13,-0.4416979253292084,-0.8852589726448059,-1.1793057918548584,-1.4357014894485474,-1.183777928352356,-0.4508262872695923,-0.14083035290241241,0.5756547451019287,0.6426460146903992,0.2970890998840332,-9.285593940890763e-14
2.813645041781221e-13,-0.627707839012146,-1.0539528131484985,-1.529079556465149,-1.1774545907974243,-0.625735878944397,0.5640816688537598,0.41327911615371704,0.9356285929679871,0.49306315183639526,0.4611046016216278,-2.8456718318553564e-13,6.392472272007121e-13,-0.6093268990516663,-1.2680495977401733,-1.4572278261184692,-1.4319498538970947,-0.36142683029174805,0.03570069000124931,0.9578642845153809,0.5431501865386963,0.8687910437583923,0.40781185030937195,-5.716077567871625e-13,5.372709655643293e-13,-0.6769967675209045,-1.2463947534561157,-1.9466758966445923,-1.3590984344482422,-0.26604530215263367,0.3820750117301941,-0.16975383460521698,1.2390950918197632,0.9675440192222595,0.5715404152870178,-6.387089750321817e-13,3.1003292381287517e-13,-0.6456308364868164,-1.3108329772949219,-1.9769378900527954,-1.3021371364593506,-0.6568781733512878,-0.1563207060098648,-0.8853326439857483,1.178998351097107,1.3883123397827148,0.6807628870010376,-5.724403698455227e-13,1.401264493978635e-13,-0.7356348633766174,-1.5494356155395508,-0.021207468584179878,-1.046738862991333,-0.2161756008863449,-1.0096755027770996,-0.2829866409301758,-1.2413146495819092,1.5574109554290771,0.742231011390686,-2.798696604328077e-13,1.0796878256898179e-13,-0.7267155051231384,-1.5329774618148804,-0.6429721713066101,-0.35760581493377686,-0.7687689661979675,-0.7608025074005127,0.0,0.0,1.5588622093200684,0.7597181797027588,-1.7646805241036678e-13,1.6746063628662877e-13,-0.6955186724662781,-1.4362095594406128,-1.7441234588623047,-0.530090868473053,-1.4992460012435913,-1.8645901679992676,1.638334035873413,1.6485117673873901,1.5359927415847778,0.7544713020324707,-1.7443427887016416e-13,2.378606209565981e-13,-0.7093303203582764,-1.3676154613494873,-1.7016310691833496,-1.2702207565307617,-1.992305874824524,-2.5994174480438232,2.3695521354675293,2.2187976837158203,1.546974778175354,0.7877989411354065,-1.191211300606565e-13,4.0896775440994737e-13,-0.6393339037895203,-1.2497807741165161,-1.5863170623779297,-2.396235942840576,-1.970706582069397,-1.6667664051055908,-1.2879458665847778,1.5608811378479004,1.544169306755066,0.7292107343673706,-2.7088802121572053e-13,5.26838013319153e-13,-0.5617519617080688,-0.995874285697937,-1.536911129951477,-2.137920618057251,-1.2740179300308228,-0.4915528893470764,-1.27019464969635,0.34743064641952515,1.2667062282562256,0.6054549813270569,-4.610345308644903e-13,4.55933793323815e-13,-0.47474154829978943,-0.9553642272949219,-1.434916615486145,-1.5272506475448608,-1.4204884767532349,-0.8249075412750244,0.24540261924266815,0.4486534595489502,0.6239753365516663,0.507060170173645,-3.1041678559204366e-13,1.9487565044735283e-13,-0.47708550095558167,-0.9470488429069519,-1.2673156261444092,-1.5693581104278564,-1.2779496908187866,-0.4712276756763458,-0.17866025865077972,0.6555265188217163,0.69930499792099,0.3060585856437683,-8.666730663209679e-14
1.9389526063288282e-13,-0.6457622647285461,-1.1046448945999146,-1.6263585090637207,-1.269136667251587,-0.6141542196273804,0.7007538080215454,0.4543977677822113,1.0257596969604492,0.5473446249961853,0.5066635608673096,-3.8899290147505206e-13,4.568712487322546e-13,-0.6421668529510498,-1.3219892978668213,-1.5409495830535889,-1.5354849100112915,-0.36636510491371155,0.05794321000576019,1.1173182725906372,0.6401540040969849,0.9600461721420288,0.4534498453140259,-7.268273981807238e-13,3.948288636139441e-13,-0.7009788751602173,-1.3117085695266724,-2.02742338180542,-1.4178988933563232,-0.2685169577598572,0.47153645753860474,-0.15833362936973572,1.3576589822769165,1.0527855157852173,0.6054139137268066,-5.970273104019541e-13,2.4323127062811367e-13,-0.6637755632400513,-1.3429006338119507,-2.0494139194488525,-1.3486554622650146,-0.6143313050270081,-0.08102350682020187,-0.8265218734741211,1.3298667669296265,1.43549644947052,0.7068169713020325,-3.971831002112791e-13,1.3087619909254306e-13,-0.7476388216018677,-1.572205901145935,-0.03734596446156502,-1.1050692796707153,-0.17139235138893127,-0.9786469340324402,-0.24590227007865906,-1.259537696838379,1.58284330368042,0.7539439797401428,-1.8942810373675373e-13,1.136931125416893e-13,-0.7363091111183167,-1.5549052953720093,-0.6971950531005859,-0.3396204113960266,-0.7502837181091309,-0.7384598851203918,0.0,0.0,1.5868266820907593,0.773937463760376,-1.6026233346042723e-13,1.5040484862335196e-13,-0.7119834423065186,-1.4602820873260498,-1.7938307523727417,-0.5076739192008972,-1.4842921495437622,-1.919338583946228,1.6859649419784546,1.6992340087890625,1.5701696872711182,0.7705323696136475,-1.6003870320982494e-13,1.7836956683805333e-13,-0.7213788032531738,-1.3904887437820435,-1.7260518074035645,-1.2214226722717285,-1.9928233623504639,-2.6334939002990723,2.4344167709350586,2.275423765182495,1.5765787363052368,0.7969688773155212,-1.1568162064119064e-13,3.8608089707008186e-13,-0.6622977256774902,-1.3169933557510376,-1.6806386709213257,-2.5011398792266846,-2.028599500656128,-1.70371413230896,-1.2956091165542603,1.6039429903030396,1.574813723564148,0.7450348734855652,-2.3152172453494435e-13,6.076620326714299e-13,-0.6028178334236145,-1.0665112733840942,-1.654228687286377,-2.2902731895446777,-1.3935670852661133,-0.4997480809688568,-1.3446382284164429,0.3618702292442322,1.3151559829711914,0.6372479796409607,-4.032397517023806e-13,5.859457342070884e-13,-0.5091899633407593,-1.0345009565353394,-1.5464661121368408,-1.6597751379013062,-1.585437536239624,-0.9148302674293518,0.30270081758499146,0.4833190441131592,0.6639482378959656,0.5350431799888611,-2.7099036990080316e-13,2.585625669734165e-13,-0.5157919526100159,-1.0108166933059692,-1.363273024559021,-1.7289012670516968,-1.3912638425827026,-0.5021136403083801,-0.23893700540065765,0.7545756101608276,0.7559231519699097,0.31020689010620117,-6.088197708562643e-14
